Name,Email,Age,City,Department
John Doe,john.doe@example.com,32,New York,Engineering
Jane Smith,jane.smith@example.com,28,San Francisco,Marketing
Bob Johnson,bob.johnson@example.com,45,Boston,Sales
Alice Williams,alice.williams@example.com,35,Seattle,Engineering
Charlie Brown,charlie.brown@example.com,29,Austin,HR
Diana Prince,diana.prince@example.com,38,Denver,Marketing
Eve Davis,eve.davis@example.com,41,Portland,Engineering
Frank Miller,frank.miller@example.com,33,Los Angeles,Sales
Grace Lee,grace.lee@example.com,30,Chicago,Marketing
Henry Wilson,henry.wilson@example.com,36,Miami,Engineering
